{"LSTM": {"train_loss": [2.2032693815231323, 2.2003033208847045, 2.20017343044281, 2.198804340362549, 2.1981630229949953], "val_f1": [0.025010755222666936, 0.27502931836911926, 0.22321073814882275, 0.7364712141640124, 0.6766994874229113]}, "BiLSTM": {"train_loss": [2.205425534248352, 2.202388343811035, 2.2009771347045897, 2.1998436212539674, 2.1984987115859984], "val_f1": [0.8921795677048454, 0.08693883262941615, 0.4219218196852704, 0.029797219438070344, 0.21863797480360336]}, "BiLSTM_CRF": {"train_loss": [44.122185974121095, 44.07774566650391, 44.02216255187988, 43.97934104919434, 43.98999176025391], "val_f1": [0.5053552881033624, 0.026535969683863625, 0.1988376506866485, 0.6498844377795232, 0.5449414806032167]}}